pair,direction,entry_price,exit_price,position_size,entry_time,exit_time,exit_reason,pnl,pnl_pct,confidence,entry_balance,exit_balance,duration_hours
EURUSD=X,buy,1.0925379991531372,1.0897995233535767,1372.949957953591,2024-08-07 17:00:00+01:00,2024-08-08 13:00:00+01:00,Stop Loss,-3.759790233863579,-0.2506526822575719,0.73,1500.0,1496.2402097661363,20.0
EURUSD=X,sell,1.0897995233535767,1.091941475868225,1372.9499579535907,2024-08-08 13:00:00+01:00,2024-08-08 19:00:00+01:00,Stop Loss,-2.94079361492516,-0.1965455543655526,0.73,1496.2402097661363,1493.299416151211,6.0
GBPUSD=X,buy,1.2750060558319092,1.280458927154541,1171.2096654920365,2024-08-08 19:00:00+01:00,2024-08-13 07:00:00+01:00,Take Profit,6.386455597750751,0.42767415085522675,0.73,1493.299416151211,1499.6858717489617,108.0
GBPUSD=X,sell,1.280458927154541,1.282495141029358,1171.2096654920363,2024-08-13 07:00:00+01:00,2024-08-13 15:00:00+01:00,Stop Loss,-2.384833371194538,-0.15902219365534873,0.8,1499.6858717489617,1497.301038377767,8.0
EURUSD=X,buy,1.0958904027938843,1.1002310514450073,1366.2872076993453,2024-08-13 15:00:00+01:00,2024-08-13 19:00:00+01:00,Take Profit,5.930572725146837,0.3960841923660352,0.73,1497.301038377767,1503.231611102914,4.0
USDJPY=X,buy,146.67599487304688,147.0919952392578,10.248654610483554,2024-08-13 19:00:00+01:00,2024-08-14 01:00:00+01:00,Take Profit,4.2634440711305714,0.2836185747851924,0.8,1503.231611102914,1507.4950551740446,6.0
USDJPY=X,buy,146.46099853515625,146.7740020751953,10.292808804059792,2024-08-14 03:00:00+01:00,2024-08-14 04:00:00+01:00,Take Profit,3.2216855926159442,0.21371118807709727,0.8,1507.4950551740446,1510.7167407666607,1.0
GBPUSD=X,sell,1.2857105731964111,1.2817391157150269,1175.0053023293265,2024-08-14 04:00:00+01:00,2024-08-15 13:00:00+01:00,Take Profit,4.666483598601999,0.30889202937102855,0.75,1510.7167407666607,1515.3832243652628,33.0
EURUSD=X,buy,1.0960105657577515,1.0992635488510132,1382.6355983325477,2024-08-15 13:00:00+01:00,2024-08-16 10:00:00+01:00,Take Profit,4.497690225517578,0.296802165498532,0.8,1515.3832243652628,1519.8809145907803,21.0
EURUSD=X,buy,1.0992635488510132,1.1035091876983643,1382.6355983325477,2024-08-16 10:00:00+01:00,2024-08-19 01:00:00+01:00,Take Profit,5.870171408011161,0.386225746481702,0.73,1519.8809145907803,1525.7510859987915,63.0
USDJPY=X,sell,147.8179931640625,147.40899658203125,10.321822488182256,2024-08-19 01:00:00+01:00,2024-08-19 02:00:00+01:00,Take Profit,4.221590117999836,0.2766893077605963,0.73,1525.7510859987915,1529.9726761167913,1.0
USDJPY=X,buy,147.40899658203125,146.45799255371094,10.379099726558282,2024-08-19 02:00:00+01:00,2024-08-19 04:00:00+01:00,Stop Loss,-9.87056565029518,-0.6451465313320214,0.8,1529.9726761167913,1520.102110466496,2.0
USDJPY=X,buy,146.45799255371094,146.18600463867188,10.379099726558282,2024-08-19 04:00:00+01:00,2024-08-19 05:00:00+01:00,Stop Loss,-2.822989694609091,-0.18571053057368356,0.8,1520.102110466496,1517.279120771887,1.0
USDJPY=X,buy,145.87100219726562,146.3489990234375,10.401512966367545,2024-08-19 07:00:00+01:00,2024-08-19 11:00:00+01:00,Take Profit,4.971890185309291,0.3276846110411073,0.72,1517.279120771887,1522.2510109571963,4.0
EURUSD=X,sell,1.1039965152740479,1.1068068742752075,1378.8549056962595,2024-08-19 11:00:00+01:00,2024-08-19 15:00:00+01:00,Stop Loss,-3.875077295516648,-0.2545623072426135,0.75,1522.2510109571963,1518.3759336616797,4.0
EURUSD=X,sell,1.1068068742752075,1.1085245609283447,1371.8526410996392,2024-08-19 15:00:00+01:00,2024-08-19 19:00:00+01:00,Stop Loss,-2.3564129716878774,-0.15519298741815588,0.8,1518.3759336616797,1516.0195206899919,4.0
GBPUSD=X,buy,1.2992581129074097,1.3033391237258911,1166.834754102497,2024-08-19 19:00:00+01:00,2024-08-20 20:00:00+01:00,Take Profit,4.761865254872427,0.31410316225381724,0.73,1516.0195206899919,1520.7813859448643,25.0
GBPUSD=X,sell,1.303152322769165,1.3050400018692017,1167.002014555937,2024-08-20 23:00:00+01:00,2024-08-21 14:00:00+01:00,Stop Loss,-2.2029253125778747,-0.14485483140031946,0.75,1520.7813859448643,1518.5784606322864,15.0
EURUSD=X,sell,1.1119760274887085,1.1145787239074707,1365.6575529437002,2024-08-21 14:00:00+01:00,2024-08-21 16:00:00+01:00,Stop Loss,-3.5543920223021277,-0.2340604792209548,0.73,1518.5784606322864,1515.0240686099842,2.0
EURUSD=X,buy,1.1145787239074707,1.1124708652496338,1359.279552097172,2024-08-21 16:00:00+01:00,2024-08-22 14:00:00+01:00,Stop Loss,-2.8651691723087067,-0.18911707290151925,0.71,1515.0240686099842,1512.1588994376755,22.0
EURUSD=X,buy,1.1124708652496338,1.1107407808303833,1359.279552097172,2024-08-22 14:00:00+01:00,2024-08-22 18:00:00+01:00,Stop Loss,-2.3516683744891,-0.15551727899519102,0.8,1512.1588994376755,1509.8072310631865,4.0
GBPUSD=X,sell,1.3078734874725342,1.3104270696640015,1154.3985297697939,2024-08-22 18:00:00+01:00,2024-08-23 02:00:00+01:00,Stop Loss,-2.9478515274761623,-0.19524688098097953,0.73,1509.8072310631865,1506.8593795357103,8.0
EURUSD=X,buy,1.113089919090271,1.118067979812622,1353.7624891682312,2024-08-23 02:00:00+01:00,2024-08-23 15:00:00+01:00,Take Profit,6.739111874720593,0.44722898275995937,0.75,1506.8593795357103,1513.5984914104308,13.0
EURUSD=X,sell,1.118067979812622,1.1196954250335693,1353.762489168231,2024-08-23 15:00:00+01:00,2024-08-23 18:00:00+01:00,Stop Loss,-2.203174293294512,-0.1455587003949447,0.8,1513.5984914104308,1511.3953171171363,3.0
USDJPY=X,sell,144.4010009765625,143.91900634765625,10.466654018294848,2024-08-23 18:00:00+01:00,2024-08-26 00:00:00+01:00,Take Profit,5.044871019438136,0.3337889804409886,0.73,1511.3953171171363,1516.4401881365745,54.0
GBPUSD=X,sell,1.3203411102294922,1.3236092329025269,1148.5215270415974,2024-08-26 04:00:00+01:00,2024-08-27 10:00:00+01:00,Stop Loss,-3.753509242993044,-0.24752108737011352,0.75,1516.4401881365745,1512.6866788935815,30.0
EURUSD=X,buy,1.117193579673767,1.1147029399871826,1354.0058826110537,2024-08-27 10:00:00+01:00,2024-08-28 06:00:00+01:00,Stop Loss,-3.372340787099927,-0.2229371643284745,0.75,1512.6866788935815,1509.3143381064815,20.0
EURUSD=X,sell,1.1147029399871826,1.1088933944702148,1354.0058826110535,2024-08-28 06:00:00+01:00,2024-08-29 09:00:00+01:00,Take Profit,7.866158805271039,0.5211743244379147,0.73,1509.3143381064815,1517.1804969117525,27.0
EURUSD=X,sell,1.1088933944702148,1.1052166223526,1368.1932857365437,2024-08-29 09:00:00+01:00,2024-08-30 17:00:00+01:00,Take Profit,5.030534924503829,0.3315712886333282,0.75,1517.1804969117525,1522.2110318362563,32.0
EURUSD=X,sell,1.1052166223526,1.107051968574524,1377.2965417367939,2024-08-30 17:00:00+01:00,2024-09-02 08:00:00+01:00,Stop Loss,-2.527816004345379,-0.16606212617550486,0.75,1522.2110318362563,1519.683215831911,63.0
EURUSD=X,buy,1.107051968574524,1.1043622493743896,1372.7297895406884,2024-09-02 08:00:00+01:00,2024-09-03 10:00:00+01:00,Stop Loss,-3.6922576715238753,-0.24296232484890906,0.73,1519.683215831911,1515.990958160387,26.0
USDJPY=X,buy,145.94400024414062,145.4409942626953,10.387483936471387,2024-09-03 10:00:00+01:00,2024-09-03 14:00:00+01:00,Stop Loss,-5.224966552212209,-0.34465684139386693,0.72,1515.990958160387,1510.7659916081748,4.0
EURUSD=X,sell,1.1044842004776,1.109385371208191,1367.8475354875068,2024-09-03 15:00:00+01:00,2024-09-04 15:00:00+01:00,Stop Loss,-6.704054304842157,-0.4437520001165667,0.73,1510.7659916081748,1504.0619373033326,24.0
EURUSD=X,sell,1.109385371208191,1.110987663269043,1355.7614660677505,2024-09-04 15:00:00+01:00,2024-09-05 14:00:00+01:00,Stop Loss,-2.1723258334894937,-0.1444306101771518,0.8,1504.0619373033326,1501.889611469843,23.0
EURUSD=X,sell,1.110987663269043,1.1079105138778687,1351.8508450855202,2024-09-05 14:00:00+01:00,2024-09-09 05:00:00+01:00,Take Profit,4.159847004913393,0.2769742178882446,0.8,1501.889611469843,1506.0494584747564,87.0
EURUSD=X,sell,1.1079105138778687,1.1038745641708374,1359.3602006748145,2024-09-09 05:00:00+01:00,2024-09-09 21:00:00+01:00,Take Profit,5.4863094036634585,0.364284809691422,0.73,1506.0494584747564,1511.5357678784198,16.0
EURUSD=X,sell,1.1038745641708374,1.1059499979019165,1369.3002963736124,2024-09-09 21:00:00+01:00,2024-09-12 18:00:00+01:00,Stop Loss,-2.8418920230704057,-0.18801354777460963,0.73,1511.5357678784198,1508.6938758553495,69.0
USDJPY=X,sell,142.27099609375,141.79100036621094,10.604367139323253,2024-09-12 18:00:00+01:00,2024-09-12 21:00:00+01:00,Take Profit,5.090050920130792,0.3373812939516973,0.73,1508.6938758553495,1513.7839267754803,3.0
USDJPY=X,sell,141.79100036621094,141.1959991455078,10.67616366952594,2024-09-12 21:00:00+01:00,2024-09-13 01:00:00+01:00,Take Profit,6.352330415794288,0.4196325712960516,0.73,1513.7839267754803,1520.1362571912746,4.0
USDJPY=X,buy,141.2259979248047,140.97300720214844,10.763855660631735,2024-09-13 02:00:00+01:00,2024-09-13 04:00:00+01:00,Stop Loss,-2.72315562215079,-0.17913891661148262,0.72,1520.1362571912746,1517.4131015691237,2.0
USDJPY=X,sell,140.97300720214844,140.57200622558594,10.763855660631734,2024-09-13 04:00:00+01:00,2024-09-13 10:00:00+01:00,Take Profit,4.3163166314911185,0.28445231077995237,0.73,1517.4131015691237,1521.7294182006149,6.0
GBPUSD=X,sell,1.313628911972046,1.3154432773590088,1158.4165089029323,2024-09-13 10:00:00+01:00,2024-09-13 15:00:00+01:00,Stop Loss,-2.1017908174398694,-0.13811856380651133,0.75,1521.7294182006149,1519.627627383175,5.0
GBPUSD=X,buy,1.3154432773590088,1.3131458759307861,1155.2209460784227,2024-09-13 15:00:00+01:00,2024-09-13 17:00:00+01:00,Stop Loss,-2.6540062514332963,-0.17464846016280583,0.71,1519.627627383175,1516.9736211317418,2.0
EURUSD=X,sell,1.1086474657058716,1.1107407808303833,1368.3101870132275,2024-09-13 17:00:00+01:00,2024-09-16 04:00:00+01:00,Stop Loss,-2.8643044094982475,-0.1888170215749254,0.73,1516.9736211317418,1514.1093167222434,59.0
GBPUSD=X,buy,1.3160319328308105,1.3200099468231201,1150.5110772391097,2024-09-16 04:00:00+01:00,2024-09-16 12:00:00+01:00,Take Profit,4.576749163564335,0.3022733638197353,0.75,1514.1093167222434,1518.6860658858077,8.0
USDJPY=X,buy,140.23500061035156,140.7969970703125,10.829579343786907,2024-09-16 13:00:00+01:00,2024-09-16 16:00:00+01:00,Take Profit,6.086185254074334,0.4007533479623012,0.75,1518.6860658858077,1524.772251139882,3.0
USDJPY=X,buy,140.7969970703125,140.4429931640625,10.829579343786907,2024-09-16 16:00:00+01:00,2024-09-17 02:00:00+01:00,Stop Loss,-3.833713390744877,-0.25142859124560324,0.73,1524.772251139882,1520.9385377491371,10.0
EURUSD=X,sell,1.1127183437347412,1.1148271560668945,1366.8674973437041,2024-09-17 04:00:00+01:00,2024-09-17 09:00:00+01:00,Stop Loss,-2.882467034817949,-0.1895189689311023,0.73,1520.9385377491371,1518.0560707143193,5.0
GBPUSD=X,buy,1.3228563070297241,1.318878412246704,1147.5593098413592,2024-09-17 09:00:00+01:00,2024-09-17 14:00:00+01:00,Stop Loss,-4.564870191823997,-0.30070497920910144,0.71,1518.0560707143193,1513.4912005224953,5.0
EURUSD=X,sell,1.111605167388916,1.1142061948776245,1361.5366723038737,2024-09-17 14:00:00+01:00,2024-09-18 10:00:00+01:00,Stop Loss,-3.541394311547067,-0.23398843087587745,0.73,1513.4912005224953,1509.9498062109483,20.0
EURUSD=X,sell,1.1142061948776245,1.1107407808303833,1355.1798698954362,2024-09-18 10:00:00+01:00,2024-09-18 20:00:00+01:00,Take Profit,4.696259357674162,0.3110208921089175,0.8,1509.9498062109483,1514.6460655686224,10.0
EURUSD=X,sell,1.1107407808303833,1.1133378744125366,1363.6359551292262,2024-09-18 20:00:00+01:00,2024-09-19 06:00:00+01:00,Stop Loss,-3.5414901874596265,-0.23381635274179352,0.75,1514.6460655686224,1511.1045753811627,10.0
EURUSD=X,buy,1.1133378744125366,1.118067979812622,1357.274022657777,2024-09-19 06:00:00+01:00,2024-09-19 10:00:00+01:00,Take Profit,6.420049183969252,0.424858033557992,0.75,1511.1045753811627,1517.524624565132,4.0
EURUSD=X,sell,1.118067979812622,1.113089919090271,1357.274022657777,2024-09-19 10:00:00+01:00,2024-09-19 13:00:00+01:00,Take Profit,6.756592501660122,0.4452377504975459,0.8,1517.524624565132,1524.2812170667921,3.0
USDJPY=X,buy,143.75599670410156,143.3300018310547,10.603253095620618,2024-09-19 13:00:00+01:00,2024-09-19 14:00:00+01:00,Stop Loss,-4.51693145635279,-0.29633189766943535,0.75,1524.2812170667921,1519.7642856104394,1.0
USDJPY=X,buy,143.3300018310547,142.9080047607422,10.603253095620618,2024-09-19 14:00:00+01:00,2024-09-19 15:00:00+01:00,Stop Loss,-4.474541742133847,-0.2944234039778459,0.73,1519.7642856104394,1515.2897438683055,1.0
EURUSD=X,sell,1.1132138967514038,1.1158223152160645,1361.1847177709917,2024-09-19 15:00:00+01:00,2024-09-19 17:00:00+01:00,Stop Loss,-3.550539351647743,-0.23431422049909434,0.75,1515.2897438683055,1511.7392045166578,2.0
EURUSD=X,buy,1.1158223152160645,1.1104941368103027,1354.820730775517,2024-09-19 17:00:00+01:00,2024-09-23 08:00:00+01:00,Stop Loss,-7.218726561396421,-0.4775113683516884,0.73,1511.7392045166578,1504.5204779552614,87.0
EURUSD=X,buy,1.1104941368103027,1.1135857105255127,1354.8207307755172,2024-09-23 08:00:00+01:00,2024-09-23 15:00:00+01:00,Take Profit,4.18852816008714,0.27839622135151093,0.8,1504.5204779552614,1508.7090061153485,7.0
GBPUSD=X,buy,1.3351491689682007,1.3392080068588257,1129.9928436320522,2024-09-23 15:00:00+01:00,2024-09-24 17:00:00+01:00,Take Profit,4.586457769868864,0.30399883286162377,0.73,1508.7090061153485,1513.2954638852175,26.0
GBPUSD=X,buy,1.3392080068588257,1.3370592594146729,1129.9928436320524,2024-09-24 17:00:00+01:00,2024-09-25 11:00:00+01:00,Stop Loss,-2.4280692346653634,-0.16044911866923633,0.73,1513.2954638852175,1510.8673946505521,18.0
GBPUSD=X,sell,1.337595820426941,1.3396564722061157,1129.539560140301,2024-09-25 12:00:00+01:00,2024-09-25 13:00:00+01:00,Stop Loss,-2.327587704251438,-0.15405638592060455,0.73,1510.8673946505521,1508.5398069463006,1.0
EURUSD=X,sell,1.1174432039260864,1.1128422021865845,1349.992376924495,2024-09-25 15:00:00+01:00,2024-09-25 20:00:00+01:00,Take Profit,6.211317274543977,0.41174367729263905,0.73,1508.5398069463006,1514.7511242208445,5.0
USDJPY=X,buy,144.81199645996094,144.35699462890625,10.460121821741875,2024-09-26 02:00:00+01:00,2024-09-26 11:00:00+01:00,Stop Loss,-4.759374581947647,-0.3142017527397953,0.73,1514.7511242208445,1509.9917496388969,9.0
EURUSD=X,buy,1.1156978607177734,1.1135857105255127,1353.405615268867,2024-09-26 11:00:00+01:00,2024-09-27 08:00:00+01:00,Stop Loss,-2.8585959304969055,-0.18931202314055803,0.73,1509.9917496388969,1507.1331537084,21.0
EURUSD=X,buy,1.1135857105255127,1.1166945695877075,1353.405615268867,2024-09-27 08:00:00+01:00,2024-09-27 11:00:00+01:00,Take Profit,4.207547311853979,0.2791755527042208,0.8,1507.1331537084,1511.3407010202538,3.0
USDJPY=X,sell,143.218994140625,142.51300048828125,10.552655463676045,2024-09-27 11:00:00+01:00,2024-09-27 13:00:00+01:00,Take Profit,7.45010777272588,0.4929469422544215,0.73,1511.3407010202538,1518.7908087929798,2.0
EURUSD=X,buy,1.1203227043151855,1.1181930303573608,1355.6726137415594,2024-09-27 13:00:00+01:00,2024-09-27 15:00:00+01:00,Stop Loss,-2.887140660821552,-0.19009468875546023,0.75,1518.7908087929798,1515.9036681321581,2.0
EURUSD=X,buy,1.1181930303573608,1.116071343421936,1355.6726137415594,2024-09-27 15:00:00+01:00,2024-09-27 16:00:00+01:00,Stop Loss,-2.876312873288664,-0.18974245750277474,0.73,1515.9036681321581,1513.0273552588694,1.0
GBPUSD=X,buy,1.3394949436187744,1.3373990058898926,1129.550628366898,2024-09-27 16:00:00+01:00,2024-09-27 21:00:00+01:00,Stop Loss,-2.367467778676367,-0.1564722389484695,0.73,1513.0273552588694,1510.659887480193,5.0
GBPUSD=X,sell,1.3373990058898926,1.3399616479873657,1129.550628366898,2024-09-27 21:00:00+01:00,2024-09-30 08:00:00+01:00,Stop Loss,-2.894633991480256,-0.1916138778470219,0.73,1510.659887480193,1507.7652534887127,59.0
EURUSD=X,buy,1.1175681352615356,1.1147029399871826,1349.148392760735,2024-09-30 08:00:00+01:00,2024-09-30 16:00:00+01:00,Stop Loss,-3.86557359933904,-0.25637768149881157,0.75,1507.7652534887127,1503.8996798893736,8.0
EURUSD=X,sell,1.1147029399871826,1.1104941368103027,1349.148392760735,2024-09-30 16:00:00+01:00,2024-10-01 09:00:00+01:00,Take Profit,5.678300041533769,0.37757173018026463,0.73,1503.8996798893736,1509.5779799309073,17.0
EURUSD=X,sell,1.1104941368103027,1.1058276891708374,1359.3750114403144,2024-10-01 09:00:00+01:00,2024-10-01 17:00:00+01:00,Take Profit,6.343452313283814,0.420213622457195,0.73,1509.5779799309073,1515.921432244191,8.0
USDJPY=X,sell,143.6300048828125,143.89300537109375,10.554350628067088,2024-10-01 17:00:00+01:00,2024-10-02 02:00:00+01:00,Stop Loss,-2.7757993686731615,-0.18310971199634204,0.73,1515.921432244191,1513.1456328755178,9.0
USDJPY=X,buy,144.0,143.72999572753906,10.507955783857762,2024-10-02 03:00:00+01:00,2024-10-02 05:00:00+01:00,Stop Loss,-2.837192956472215,-0.18750296698676214,0.75,1513.1456328755178,1510.3084399190457,2.0
USDJPY=X,sell,143.70899963378906,143.89300537109375,10.509491011472742,2024-10-02 06:00:00+01:00,2024-10-02 07:00:00+01:00,Stop Loss,-1.9338066422630278,-0.1280405108751615,0.75,1510.3084399190457,1508.3746332767826,1.0
EURUSD=X,buy,1.107051968574524,1.1038745641708374,1362.5147473600673,2024-10-02 07:00:00+01:00,2024-10-02 15:00:00+01:00,Stop Loss,-4.329260358349709,-0.28701492738212214,0.73,1508.3746332767826,1504.0453729184328,8.0
EURUSD=X,sell,1.1038745641708374,1.0963709354400635,1362.5147473600673,2024-10-02 15:00:00+01:00,2024-10-04 13:00:00+01:00,Take Profit,10.223804804394177,0.6797537486888456,0.75,1504.0453729184328,1514.269177722827,46.0
EURUSD=X,buy,1.0963709354400635,1.0997470617294312,1381.165013385754,2024-10-04 13:00:00+01:00,2024-10-08 08:00:00+01:00,Take Profit,4.662987511646502,0.3079365003426108,0.8,1514.269177722827,1518.9321652344734,91.0
EURUSD=X,buy,1.0997470617294312,1.0974539518356323,1381.165013385754,2024-10-08 08:00:00+01:00,2024-10-08 15:00:00+01:00,Stop Loss,-3.1671631571636634,-0.20851248196951294,0.73,1518.9321652344734,1515.7650020773096,7.0
EURUSD=X,sell,1.0974539518356323,1.0925379991531372,1381.1650133857538,2024-10-08 15:00:00+01:00,2024-10-10 15:00:00+01:00,Take Profit,6.789741852522101,0.44794159010248735,0.73,1515.7650020773096,1522.5547439298318,48.0
GBPUSD=X,sell,1.3050060272216797,1.3075141906738281,1166.7032275485403,2024-10-10 15:00:00+01:00,2024-10-11 08:00:00+01:00,Stop Loss,-2.9262823948408707,-0.19219554544803483,0.73,1522.5547439298318,1519.628461534991,17.0
GBPUSD=X,buy,1.3075141906738281,1.304886817932129,1162.227127150222,2024-10-11 08:00:00+01:00,2024-10-14 00:00:00+01:00,Stop Loss,-3.0536038735378854,-0.20094410909186392,0.73,1519.628461534991,1516.574857661453,64.0
EURUSD=X,buy,1.0926573276519775,1.090869426727295,1387.96932879262,2024-10-14 00:00:00+01:00,2024-10-14 16:00:00+01:00,Stop Loss,-2.4815516463794367,-0.1636286948740513,0.8,1516.574857661453,1514.0933060150737,16.0
EURUSD=X,sell,1.090869426727295,1.0866022109985352,1387.96932879262,2024-10-14 16:00:00+01:00,2024-10-16 18:00:00+01:00,Take Profit,5.922764550860003,0.39117566449375996,0.73,1514.0933060150737,1520.0160705659337,50.0
EURUSD=X,sell,1.0866022109985352,1.08236825466156,1398.8707690637884,2024-10-16 18:00:00+01:00,2024-10-21 16:00:00+01:00,Take Profit,5.922757757286855,0.3896509959320159,0.73,1520.0160705659337,1525.9388283232206,118.0
GBPUSD=X,buy,1.2987180948257446,1.2959243059158325,1174.9577020623274,2024-10-21 17:00:00+01:00,2024-10-22 13:00:00+01:00,Stop Loss,-3.2825837976375465,-0.21511896392626806,0.72,1525.9388283232206,1522.6562445255831,20.0
GBPUSD=X,sell,1.2959243059158325,1.2983134984970093,1174.9577020623274,2024-10-22 13:00:00+01:00,2024-10-22 18:00:00+01:00,Stop Loss,-2.807200224963804,-0.18436204724845487,0.73,1522.6562445255831,1519.8490443006194,5.0
EURUSD=X,sell,1.0806137323379517,1.0830715894699097,1406.4683788650032,2024-10-22 18:00:00+01:00,2024-10-24 20:00:00+01:00,Stop Loss,-3.4568983358667653,-0.2274501108402846,0.73,1519.8490443006194,1516.3921459647527,50.0
USDJPY=X,sell,151.83200073242188,152.04400634765625,9.987302667750104,2024-10-24 20:00:00+01:00,2024-10-25 14:00:00+01:00,Stop Loss,-2.1173642466082754,-0.13963170755287543,0.73,1516.3921459647527,1514.2747817181444,18.0
EURUSD=X,buy,1.0835410356521606,1.081548810005188,1397.5241655769264,2024-10-25 14:00:00+01:00,2024-10-25 16:00:00+01:00,Stop Loss,-2.7841834849264138,-0.18386250095028264,0.75,1514.2747817181444,1511.490598233218,2.0
EURUSD=X,sell,1.081548810005188,1.0837758779525757,1397.5241655769264,2024-10-25 16:00:00+01:00,2024-10-30 08:00:00+00:00,Stop Loss,-3.1123812748561073,-0.20591469629345832,0.73,1511.490598233218,1508.378216958362,113.0
EURUSD=X,buy,1.0837758779525757,1.0816657543182373,1391.7805771871647,2024-10-30 08:00:00+00:00,2024-10-30 12:00:00+00:00,Stop Loss,-2.9368290897357467,-0.1947011072367413,0.73,1508.378216958362,1505.4413878686262,4.0
EURUSD=X,buy,1.0845986604690552,1.0886130332946777,1388.0170082614427,2024-10-30 13:00:00+00:00,2024-10-31 20:00:00+00:00,Take Profit,5.572017759466658,0.37012518749437395,0.73,1505.4413878686262,1511.0134056280929,31.0
EURUSD=X,buy,1.0886130332946777,1.0864840745925903,1388.0170082614427,2024-10-31 20:00:00+00:00,2024-11-01 08:00:00+00:00,Stop Loss,-2.9550308883835203,-0.1955661595970542,0.73,1511.0134056280929,1508.0583747397093,12.0
EURUSD=X,sell,1.0864840745925903,1.0889687538146973,1388.0170082614427,2024-11-01 08:00:00+00:00,2024-11-01 12:00:00+00:00,Stop Loss,-3.448777020358235,-0.2286898888084152,0.73,1508.0583747397093,1504.609597719351,4.0
GBPUSD=X,sell,1.2954038381576538,1.292089819908142,1161.4984867261421,2024-11-01 12:00:00+00:00,2024-11-01 19:00:00+00:00,Take Profit,3.84922718179068,0.25582896637275476,0.8,1504.609597719351,1508.4588249011417,7.0
EURUSD=X,sell,1.0837758779525757,1.088020920753479,1391.8549541357752,2024-11-01 19:00:00+00:00,2024-11-04 00:00:00+00:00,Stop Loss,-5.908483852955693,-0.3916900982261091,0.73,1508.4588249011417,1502.550341048186,53.0
GBPUSD=X,buy,1.2962603569030762,1.2941800355911255,1159.1423999403653,2024-11-04 00:00:00+00:00,2024-11-04 16:00:00+00:00,Stop Loss,-2.4113886381816045,-0.16048637921172135,0.75,1502.550341048186,1500.1389524100045,16.0
EURUSD=X,sell,1.0886130332946777,1.0907504558563232,1378.027734859877,2024-11-04 16:00:00+00:00,2024-11-05 14:00:00+00:00,Stop Loss,-2.945427571062755,-0.1963436497886322,0.75,1500.1389524100045,1497.1935248389418,22.0
USDJPY=X,sell,151.81199645996094,152.04200744628906,9.862155559187402,2024-11-05 14:00:00+00:00,2024-11-05 15:00:00+00:00,Stop Loss,-2.2684041274900952,-0.15151041531081397,0.73,1497.1935248389418,1494.9251207114517,1.0
EURUSD=X,sell,1.0905125141143799,1.0932546854019165,1370.8463693564313,2024-11-05 15:00:00+00:00,2024-11-05 17:00:00+00:00,Stop Loss,-3.7590955536730277,-0.2514571132421691,0.72,1494.9251207114517,1491.1660251577787,2.0
USDJPY=X,buy,151.67999267578125,151.4510040283203,9.831000113147244,2024-11-05 17:00:00+00:00,2024-11-05 19:00:00+00:00,Stop Loss,-2.251187419097911,-0.15096826115386547,0.8,1491.1660251577787,1488.9148377386807,2.0
USDJPY=X,buy,151.5279998779297,152.91600036621094,9.826004691793887,2024-11-05 20:00:00+00:00,2024-11-06 00:00:00+00:00,Take Profit,13.63849931006377,0.9160026459792364,0.72,1488.9148377386807,1502.5533370487444,4.0
EURUSD=X,sell,1.0847163200378418,1.076774001121521,1385.2039554418484,2024-11-06 00:00:00+00:00,2024-11-06 02:00:00+00:00,Take Profit,11.001731578268188,0.732202398876392,0.75,1502.5533370487444,1513.5550686270126,2.0
EURUSD=X,buy,1.076774001121521,1.0742292404174805,1405.6385713720422,2024-11-06 02:00:00+00:00,2024-11-06 03:00:00+00:00,Stop Loss,-3.577013800511239,-0.23633192307671017,0.8,1513.5550686270126,1509.9780548265014,1.0
GBPUSD=X,sell,1.28864324092865,1.291205644607544,1171.7580218232847,2024-11-06 03:00:00+00:00,2024-11-06 04:00:00+00:00,Stop Loss,-3.002517065893591,-0.198845079655054,0.73,1509.9780548265014,1506.9755377606077,1.0
EURUSD=X,buy,1.077934741973877,1.0727311372756958,1398.021122318672,2024-11-06 04:00:00+00:00,2024-11-06 06:00:00+00:00,Stop Loss,-7.274749280253929,-0.48273837882360954,0.72,1506.9755377606077,1499.7007884803538,2.0
GBPUSD=X,buy,1.2862894535064697,1.2918895483016968,1165.9123725162463,2024-11-06 06:00:00+00:00,2024-11-06 08:00:00+00:00,Take Profit,6.529219809019053,0.4353681653815164,0.8,1499.7007884803538,1506.2300082893728,2.0
GBPUSD=X,sell,1.2918895483016968,1.28564453125,1165.912372516246,2024-11-06 08:00:00+00:00,2024-11-06 11:00:00+00:00,Take Profit,7.281142647148202,0.48340177841878246,0.73,1506.2300082893728,1513.511150936521,3.0
GBPUSD=X,buy,1.28564453125,1.2889255285263062,1177.239208932015,2024-11-06 11:00:00+00:00,2024-11-06 15:00:00+00:00,Take Profit,3.86251863806675,0.2552025226690088,0.8,1513.511150936521,1517.373669574588,4.0
USDJPY=X,buy,154.58299255371094,154.30799865722656,9.815915997662977,2024-11-06 16:00:00+00:00,2024-11-06 23:00:00+00:00,Stop Loss,-2.6993169877606533,-0.177894017926213,0.73,1517.373669574588,1514.6743525868274,7.0
EURUSD=X,sell,1.0734220743179321,1.0771219730377197,1411.070620612375,2024-11-06 23:00:00+00:00,2024-11-07 08:00:00+00:00,Stop Loss,-5.220818382733618,-0.3446825632068883,0.71,1514.6743525868274,1509.4535342040938,9.0
EURUSD=X,buy,1.0771219730377197,1.0750375986099243,1401.376605424829,2024-11-07 08:00:00+00:00,2024-11-07 09:00:00+00:00,Stop Loss,-2.9209935600582524,-0.19351331418084605,0.73,1509.4535342040938,1506.5325406440356,1.0
EURUSD=X,buy,1.0750375986099243,1.079563856124878,1401.376605424829,2024-11-07 09:00:00+00:00,2024-11-07 13:00:00+00:00,Take Profit,6.342991391584317,0.42103248489227574,0.73,1506.5325406440356,1512.87553203562,4.0
EURUSD=X,sell,1.079563856124878,1.08119797706604,1401.376605424829,2024-11-07 13:00:00+00:00,2024-11-07 14:00:00+00:00,Stop Loss,-2.2900188573793834,-0.1513686227906729,0.8,1512.87553203562,1510.5855131782405,1.0
EURUSD=X,buy,1.0794472694396973,1.0773539543151855,1399.4064888063795,2024-11-07 16:00:00+00:00,2024-11-08 12:00:00+00:00,Stop Loss,-2.9293987683582334,-0.19392472275169906,0.73,1510.5855131782405,1507.6561144098823,20.0
GBPUSD=X,buy,1.2943978309631348,1.29027259349823,1164.754821389083,2024-11-08 12:00:00+00:00,2024-11-08 16:00:00+00:00,Stop Loss,-4.804890226622726,-0.31869934932101057,0.8,1507.6561144098823,1502.8512241832595,4.0
GBPUSD=X,buy,1.2905889749526978,1.2884937524795532,1164.4692875501603,2024-11-08 18:00:00+00:00,2024-11-11 10:00:00+00:00,Stop Loss,-2.4398222205616973,-0.16234622438343121,0.72,1502.8512241832595,1500.411401962698,64.0
EURUSD=X,buy,1.067463755607605,1.0655300617218018,1405.5853363458295,2024-11-11 10:00:00+00:00,2024-11-11 12:00:00+00:00,Stop Loss,-2.7179717708665967,-0.1811484348433503,0.8,1500.411401962698,1497.6934301918313,2.0
GBPUSD=X,buy,1.286852240562439,1.284224510192871,1163.8425788008426,2024-11-11 14:00:00+00:00,2024-11-12 03:00:00+00:00,Stop Loss,-3.058264489711162,-0.2041982977330311,0.72,1497.6934301918313,1494.6351657021203,13.0
GBPUSD=X,sell,1.284224510192871,1.2791157960891724,1163.8425788008428,2024-11-12 03:00:00+00:00,2024-11-12 14:00:00+00:00,Take Profit,5.945738996804967,0.397805373059846,0.75,1494.6351657021203,1500.5809046989252,11.0
USDJPY=X,buy,154.4149932861328,154.93099975585938,9.71784457431754,2024-11-12 14:00:00+00:00,2024-11-13 00:00:00+00:00,Take Profit,5.014470672145023,0.33416863139086267,0.73,1500.5809046989252,1505.5953753710703,10.0
EURUSD=X,buy,1.062925100326538,1.0605578422546387,1416.4642220872768,2024-11-13 01:00:00+00:00,2024-11-13 07:00:00+00:00,Stop Loss,-3.35313636329283,-0.2227116540170305,0.73,1505.5953753710703,1502.2422390077775,6.0
EURUSD=X,sell,1.0605578422546387,1.0630381107330322,1416.4642220872768,2024-11-13 07:00:00+00:00,2024-11-13 09:00:00+00:00,Stop Loss,-3.51321156081532,-0.23386451729221622,0.71,1502.2422390077775,1498.7290274469622,2.0
EURUSD=X,buy,1.0630381107330322,1.0587612390518188,1409.8544655313378,2024-11-13 09:00:00+00:00,2024-11-13 14:00:00+00:00,Stop Loss,-6.029766638263203,-0.4023253388596016,0.73,1498.7290274469622,1492.699260808699,5.0
GBPUSD=X,sell,1.2708903551101685,1.2668811082839966,1174.5303241988195,2024-11-13 14:00:00+00:00,2024-11-14 08:00:00+00:00,Take Profit,4.708981974536741,0.31546756256753006,0.71,1492.699260808699,1497.4082427832357,18.0
EURUSD=X,sell,1.053851842880249,1.0578652620315552,1420.890662097925,2024-11-14 08:00:00+00:00,2024-11-14 15:00:00+00:00,Stop Loss,-5.702629795175891,-0.3808333380465705,0.73,1497.4082427832357,1491.7056129880598,7.0
EURUSD=X,buy,1.0578652620315552,1.05507493019104,1410.1092705543094,2024-11-14 15:00:00+00:00,2024-11-14 18:00:00+00:00,Stop Loss,-3.9346727962332633,-0.2637700603909143,0.73,1491.7056129880598,1487.7709401918264,3.0
GBPUSD=X,buy,1.2686975002288818,1.2656145095825195,1172.6758663301712,2024-11-14 18:00:00+00:00,2024-11-14 20:00:00+00:00,Stop Loss,-3.61534872711073,-0.24300439196941045,0.73,1487.7709401918264,1484.1555914647156,2.0
EURUSD=X,sell,1.0531858205795288,1.0556317567825317,1409.2058233826583,2024-11-14 21:00:00+00:00,2024-11-15 06:00:00+00:00,Stop Loss,-3.4468275408941964,-0.2322416571898986,0.71,1484.1555914647156,1480.7087639238214,9.0
EURUSD=X,buy,1.0556317567825317,1.053629755973816,1402.6754636833637,2024-11-15 06:00:00+00:00,2024-11-15 14:00:00+00:00,Stop Loss,-2.8081574126599325,-0.18964954358873537,0.71,1480.7087639238214,1477.9006065111614,8.0
GBPUSD=X,sell,1.2639188766479492,1.2661913633346558,1169.300208911125,2024-11-15 14:00:00+00:00,2024-11-18 16:00:00+00:00,Stop Loss,-2.657219157513711,-0.17979687847794673,0.75,1477.9006065111614,1475.2433873536477,74.0
EURUSD=X,buy,1.0587612390518188,1.0554089546203613,1393.3673928928606,2024-11-18 16:00:00+00:00,2024-11-19 09:00:00+00:00,Stop Loss,-4.67096381849529,-0.31662326762733417,0.73,1475.2433873536477,1470.5724235351524,17.0
EURUSD=X,buy,1.0554089546203613,1.0588732957839966,1393.3673928928608,2024-11-19 09:00:00+00:00,2024-11-19 15:00:00+00:00,Take Profit,4.827100015265874,0.3282463303413419,0.8,1470.5724235351524,1475.3995235504183,6.0
USDJPY=X,sell,153.96299743652344,154.34800720214844,9.582818911788872,2024-11-19 15:00:00+00:00,2024-11-19 16:00:00+00:00,Stop Loss,-3.689478863254651,-0.2500664263721766,0.73,1475.3995235504183,1471.7100446871636,1.0
USDJPY=X,buy,154.34800720214844,154.7209930419922,9.535011636137783,2024-11-19 16:00:00+00:00,2024-11-19 17:00:00+00:00,Take Profit,3.55642432302478,0.24165251408478067,0.75,1471.7100446871636,1475.2664690101885,1.0
GBPUSD=X,buy,1.2671701908111572,1.264430284500122,1164.2212543413937,2024-11-19 17:00:00+00:00,2024-11-20 14:00:00+00:00,Stop Loss,-3.18985716221125,-0.2162224404348758,0.75,1475.2664690101885,1472.0766118479773,21.0
GBPUSD=X,sell,1.264430284500122,1.2588751316070557,1164.2212543413937,2024-11-20 14:00:00+00:00,2024-11-21 16:00:00+00:00,Take Profit,6.4674270692239935,0.4393403860350096,0.73,1472.0766118479773,1478.5440389172013,26.0
EURUSD=X,buy,1.0477787256240845,1.0455876588821411,1411.122408537682,2024-11-21 16:00:00+00:00,2024-11-22 08:00:00+00:00,Stop Loss,-3.091863378157925,-0.20911540656051233,0.8,1478.5440389172013,1475.4521755390433,16.0
EURUSD=X,buy,1.0411244630813599,1.048657774925232,1417.1717482962865,2024-11-22 09:00:00+00:00,2024-11-25 00:00:00+00:00,Take Profit,10.675996716241304,0.7235745687481144,0.8,1475.4521755390433,1486.1281722552847,63.0
EURUSD=X,buy,1.048657774925232,1.045478343963623,1417.1717482962865,2024-11-25 00:00:00+00:00,2024-11-25 07:00:00+00:00,Stop Loss,-4.505799734450609,-0.3031905200755868,0.73,1486.1281722552847,1481.622372520834,7.0
USDJPY=X,buy,154.69400024414062,154.42300415039062,9.577762357832322,2024-11-25 08:00:00+00:00,2024-11-25 09:00:00+00:00,Stop Loss,-2.5955361858383488,-0.1751820324785121,0.75,1481.622372520834,1479.0268363349956,1.0
EURUSD=X,sell,1.0492078065872192,1.0530749559402466,1409.6605334512883,2024-11-25 09:00:00+00:00,2024-11-25 13:00:00+00:00,Stop Loss,-5.45136781992433,-0.36857801941124546,0.8,1479.0268363349956,1473.5754685150712,4.0
EURUSD=X,sell,1.0530749559402466,1.0490977764129639,1399.307295461582,2024-11-25 13:00:00+00:00,2024-11-25 15:00:00+00:00,Take Profit,5.5652963278871495,0.3776729761588203,0.8,1473.5754685150712,1479.1407648429583,2.0
EURUSD=X,buy,1.0490977764129639,1.0463534593582153,1409.9169763760071,2024-11-25 15:00:00+00:00,2024-11-25 23:00:00+00:00,Stop Loss,-3.869259204048164,-0.2615883015338954,0.73,1479.1407648429583,1475.2715056389102,8.0
EURUSD=X,sell,1.0463534593582153,1.049428105354309,1409.9169763760071,2024-11-25 23:00:00+00:00,2024-11-26 08:00:00+00:00,Stop Loss,-4.3349955862390965,-0.2938439175209107,0.73,1475.2715056389102,1470.936510052671,9.0
GBPUSD=X,buy,1.2553036212921143,1.259049415588379,1171.7774768614152,2024-11-26 08:00:00+00:00,2024-11-26 10:00:00+00:00,Take Profit,4.38923738931887,0.29839747394411337,0.75,1470.936510052671,1475.32574744199,2.0
EURUSD=X,buy,1.0519671440124512,1.048327922821045,1402.44470166126,2024-11-26 10:00:00+00:00,2024-11-26 15:00:00+00:00,Stop Loss,-5.103806478061074,-0.3459443778372584,0.73,1475.32574744199,1470.2219409639288,5.0
USDJPY=X,sell,153.46200561523438,153.05499267578125,9.580364436589756,2024-11-26 15:00:00+00:00,2024-11-26 20:00:00+00:00,Take Profit,3.8993322903685783,0.26522065694462704,0.73,1470.2219409639288,1474.1212732542974,5.0
USDJPY=X,buy,153.05499267578125,152.5449981689453,9.631317786391662,2024-11-26 20:00:00+00:00,2024-11-27 01:00:00+00:00,Stop Loss,-4.9119191646510085,-0.3332099776165203,0.8,1474.1212732542974,1469.2093540896465,5.0
EURUSD=X,buy,1.0488777160644531,1.0532968044281006,1400.744177884092,2024-11-27 02:00:00+00:00,2024-11-27 10:00:00+00:00,Take Profit,6.190012296934521,0.4213158784828174,0.8,1469.2093540896465,1475.399366386581,8.0
EURUSD=X,sell,1.0528532266616821,1.057305932044983,1401.334325644497,2024-11-27 11:00:00+00:00,2024-11-27 13:00:00+00:00,Stop Loss,-6.239728895601422,-0.42291795955445055,0.72,1475.399366386581,1469.1596374909795,2.0
EURUSD=X,sell,1.0560777187347412,1.0583131313323975,1391.1472720503382,2024-11-27 14:00:00+00:00,2024-11-29 06:00:00+00:00,Stop Loss,-3.1097881371364524,-0.21167122059297291,0.72,1469.1596374909795,1466.049849353843,40.0
EURUSD=X,sell,1.0583131313323975,1.0549635887145996,1385.270394885975,2024-11-29 06:00:00+00:00,2024-11-29 16:00:00+00:00,Take Profit,4.640022224844232,0.3164982573334261,0.8,1466.049849353843,1470.6898715786872,10.0
EURUSD=X,sell,1.0549635887145996,1.057753324508667,1394.0669491452509,2024-11-29 16:00:00+00:00,2024-11-29 18:00:00+00:00,Stop Loss,-3.8890784673568204,-0.26443905968986886,0.73,1470.6898715786872,1466.8007931113304,2.0
GBPUSD=X,buy,1.272782802581787,1.2694060802459717,1152.4360559680615,2024-11-29 18:00:00+00:00,2024-12-02 00:00:00+00:00,Stop Loss,-3.891456570786394,-0.2653023225145632,0.75,1466.8007931113304,1462.909336540544,54.0
EURUSD=X,sell,1.0539628267288208,1.0504201650619507,1388.008475669838,2024-12-02 00:00:00+00:00,2024-12-02 08:00:00+00:00,Take Profit,4.917244420046359,0.3361277624814776,0.75,1462.909336540544,1467.8265809605905,8.0
EURUSD=X,buy,1.0504201650619507,1.0475592613220215,1397.3709090723924,2024-12-02 08:00:00+00:00,2024-12-02 14:00:00+00:00,Stop Loss,-3.997743659833472,-0.2723580368204824,0.8,1467.8265809605905,1463.828837300757,6.0
GBPUSD=X,sell,1.2635995149612427,1.2657907009124756,1158.459480214074,2024-12-02 14:00:00+00:00,2024-12-02 23:00:00+00:00,Stop Loss,-2.538400138117658,-0.173408261501281,0.73,1463.828837300757,1461.2904371626394,9.0
USDJPY=X,buy,149.50799560546875,149.88099670410156,9.773995238480662,2024-12-02 23:00:00+00:00,2024-12-03 00:00:00+00:00,Take Profit,3.645710961985165,0.24948571955784332,0.8,1461.2904371626394,1464.9361481246244,1.0
GBPUSD=X,buy,1.265214204788208,1.2689712047576904,1157.8562290721745,2024-12-03 00:00:00+00:00,2024-12-03 08:00:00+00:00,Take Profit,4.350065817289192,0.2969457626435146,0.75,1464.9361481246244,1469.2862139419135,8.0
EURUSD=X,sell,1.0528532266616821,1.049648404121399,1395.5280534216813,2024-12-03 08:00:00+00:00,2024-12-04 03:00:00+00:00,Take Profit,4.472419761203346,0.3043940464944809,0.8,1469.2862139419135,1473.7586337031169,19.0
EURUSD=X,sell,1.049648404121399,1.051745891571045,1404.0498017397706,2024-12-04 03:00:00+00:00,2024-12-04 05:00:00+00:00,Stop Loss,-2.944976837827118,-0.19982762241244806,0.73,1473.7586337031169,1470.8136568652897,2.0
GBPUSD=X,buy,1.2690999507904053,1.2672985792160034,1158.9423322798614,2024-12-04 05:00:00+00:00,2024-12-04 08:00:00+00:00,Stop Loss,-2.087685773739932,-0.1419408749704818,0.75,1470.8136568652897,1468.7259710915498,3.0
EURUSD=X,sell,1.049538254737854,1.0531858205795288,1399.402036525479,2024-12-04 08:00:00+00:00,2024-12-04 15:00:00+00:00,Stop Loss,-5.104411067200495,-0.3475400563256141,0.75,1468.7259710915498,1463.6215600243493,7.0
EURUSD=X,buy,1.0531858205795288,1.0513036251068115,1389.7087592947016,2024-12-04 15:00:00+00:00,2024-12-04 21:00:00+00:00,Stop Loss,-2.615703535140043,-0.17871447145780822,0.75,1463.6215600243493,1461.0058564892092,6.0
GBPUSD=X,buy,1.270147681236267,1.2749898433685303,1150.2645543289698,2024-12-04 21:00:00+00:00,2024-12-05 13:00:00+00:00,Take Profit,5.569767467056325,0.38122827792357056,0.73,1461.0058564892092,1466.5756239562656,16.0
GBPUSD=X,sell,1.2749898433685303,1.2771555185317993,1150.26455432897,2024-12-05 13:00:00+00:00,2024-12-06 11:00:00+00:00,Stop Loss,-2.491099376498985,-0.16985822863869388,0.8,1466.5756239562656,1464.0845245797666,22.0
USDJPY=X,buy,150.50599670410156,149.66000366210938,9.727748771752877,2024-12-06 11:00:00+00:00,2024-12-06 13:00:00+00:00,Stop Loss,-8.229607775150981,-0.562099225624498,0.73,1464.0845245797666,1455.8549168046156,2.0
GBPUSD=X,sell,1.2797051668167114,1.275982141494751,1137.6486979622655,2024-12-06 13:00:00+00:00,2024-12-06 14:00:00+00:00,Take Profit,4.23549491000885,0.2909283652594401,0.8,1455.8549168046156,1460.0904117146245,1.0
USDJPY=X,sell,149.64999389648438,149.86199951171875,9.756702113363236,2024-12-06 14:00:00+00:00,2024-12-06 15:00:00+00:00,Stop Loss,-2.0684756342020996,-0.14166764041502275,0.75,1460.0904117146245,1458.0219360804224,1.0
EURUSD=X,sell,1.0566357374191284,1.0594342947006226,1379.8718749014627,2024-12-06 15:00:00+00:00,2024-12-09 15:00:00+00:00,Stop Loss,-3.8616504830344605,-0.2648554447277848,0.73,1458.0219360804224,1454.1602855973879,72.0
EURUSD=X,buy,1.0594342947006226,1.057305932044983,1372.5818513438892,2024-12-09 15:00:00+00:00,2024-12-09 16:00:00+00:00,Stop Loss,-2.921351954209065,-0.2008961448846704,0.73,1454.1602855973879,1451.2389336431788,1.0
GBPUSD=X,buy,1.2780369520187378,1.2752174139022827,1135.5218887457502,2024-12-09 16:00:00+00:00,2024-12-09 19:00:00+00:00,Stop Loss,-3.2016472473877053,-0.22061475703041644,0.73,1451.2389336431788,1448.0372863957912,3.0
EURUSD=X,sell,1.0557432174682617,1.0506409406661987,1371.5809511599564,2024-12-09 19:00:00+00:00,2024-12-10 15:00:00+00:00,Take Profit,6.998185669254934,0.48328767049042154,0.75,1448.0372863957912,1455.0354720650462,20.0
GBPUSD=X,sell,1.2739989757537842,1.2767152786254883,1142.100974770524,2024-12-10 15:00:00+00:00,2024-12-10 18:00:00+00:00,Stop Loss,-3.1022921575452282,-0.21321075788910682,0.73,1455.0354720650462,1451.933179907501,3.0
GBPUSD=X,buy,1.2767152786254883,1.2733663320541382,1137.2411721042865,2024-12-10 18:00:00+00:00,2024-12-11 07:00:00+00:00,Stop Loss,-3.8085599241168167,-0.2623095867510549,0.75,1451.933179907501,1448.1246199833843,13.0
EURUSD=X,sell,1.0493179559707642,1.0527424812316895,1380.062746228019,2024-12-11 07:00:00+00:00,2024-12-11 13:00:00+00:00,Stop Loss,-4.726059736119783,-0.326357253436794,0.75,1448.1246199833843,1443.3985602472644,6.0
EURUSD=X,buy,1.0527424812316895,1.0503098964691162,1371.0841786858591,2024-12-11 13:00:00+00:00,2024-12-11 14:00:00+00:00,Stop Loss,-3.3352784812764695,-0.2310712074359498,0.75,1443.3985602472644,1440.063281765988,1.0
EURUSD=X,sell,1.0503098964691162,1.0467915534973145,1371.0841786858591,2024-12-11 14:00:00+00:00,2024-12-13 01:00:00+00:00,Take Profit,4.823944383827978,0.3349814167827574,0.75,1440.063281765988,1444.887226149816,35.0
EURUSD=X,sell,1.0467915534973145,1.0489877462387085,1380.300807092367,2024-12-13 01:00:00+00:00,2024-12-13 09:00:00+00:00,Stop Loss,-3.0314066134765953,-0.2098022986578939,0.73,1444.887226149816,1441.8558195363394,8.0
EURUSD=X,buy,1.0489877462387085,1.0530749559402466,1374.5211273499754,2024-12-13 09:00:00+00:00,2024-12-17 00:00:00+00:00,Take Profit,5.617956086673886,0.38963369364354783,0.73,1441.8558195363394,1447.4737756230134,87.0
EURUSD=X,buy,1.0530749559402466,1.0506409406661987,1374.5211273499754,2024-12-17 00:00:00+00:00,2024-12-17 05:00:00+00:00,Stop Loss,-3.345605418471312,-0.23113409547135427,0.73,1447.4737756230134,1444.1281702045421,5.0
EURUSD=X,sell,1.0506409406661987,1.0379904508590698,1374.5211273499754,2024-12-17 05:00:00+00:00,2024-12-18 19:00:00+00:00,Take Profit,17.388365511224197,1.204073562858438,0.73,1444.1281702045421,1461.5165357157664,38.0
EURUSD=X,buy,1.0379904508590698,1.0351966619491577,1408.0250300050204,2024-12-18 19:00:00+00:00,2024-12-18 21:00:00+00:00,Stop Loss,-3.9337247137066913,-0.2691536234846758,0.8,1461.5165357157664,1457.5828110020598,2.0
EURUSD=X,buy,1.0354111194610596,1.039933443069458,1407.733395562474,2024-12-18 22:00:00+00:00,2024-12-19 07:00:00+00:00,Take Profit,6.3662259690830725,0.43676598825327917,0.72,1457.5828110020598,1463.9490369711427,9.0
GBPUSD=X,buy,1.2613521814346313,1.2662395238876343,1160.618785552884,2024-12-19 07:00:00+00:00,2024-12-19 09:00:00+00:00,Take Profit,5.6723414623853134,0.38746850601583654,0.75,1463.9490369711427,1469.621378433528,2.0
EURUSD=X,buy,1.0415581464767456,1.0383137464523315,1410.9835186876335,2024-12-19 09:00:00+00:00,2024-12-19 15:00:00+00:00,Stop Loss,-4.577794962477998,-0.3114948536852041,0.73,1469.621378433528,1465.04358347105,6.0
GBPUSD=X,sell,1.2551933526992798,1.25101637840271,1167.185581663964,2024-12-19 15:00:00+00:00,2024-12-19 17:00:00+00:00,Take Profit,4.875304173937278,0.33277536784171824,0.75,1465.04358347105,1469.9188876449873,2.0
EURUSD=X,sell,1.0362694263458252,1.0387451648712158,1418.4717316502629,2024-12-19 17:00:00+00:00,2024-12-20 07:00:00+00:00,Stop Loss,-3.5117651132241083,-0.23890876855459964,0.71,1469.9188876449873,1466.4071225317632,14.0
EURUSD=X,buy,1.0387451648712158,1.0431879758834839,1411.7101788999125,2024-12-20 07:00:00+00:00,2024-12-20 16:00:00+00:00,Take Profit,6.271961528947454,0.4277094288875837,0.73,1466.4071225317632,1472.6790840607107,9.0
EURUSD=X,sell,1.0431879758834839,1.0447137355804443,1411.7101788999125,2024-12-20 16:00:00+00:00,2024-12-20 19:00:00+00:00,Stop Loss,-2.153930494754312,-0.1462593254747086,0.8,1472.6790840607107,1470.5251535659563,3.0
EURUSD=X,buy,1.0431879758834839,1.0410159826278687,1409.6454211145956,2024-12-20 20:00:00+00:00,2024-12-23 09:00:00+00:00,Stop Loss,-3.0617403474697986,-0.20820727479874912,0.73,1470.5251535659563,1467.4634132184865,61.0
EURUSD=X,sell,1.0410159826278687,1.0441683530807495,1409.6454211145956,2024-12-23 09:00:00+00:00,2024-12-27 11:00:00+00:00,Stop Loss,-4.443724574560448,-0.30281671996266896,0.73,1467.4634132184865,1463.019688643926,98.0
EURUSD=X,buy,1.0441683530807495,1.0415581464767456,1401.1339113346842,2024-12-27 11:00:00+00:00,2024-12-30 08:00:00+00:00,Stop Loss,-3.6572489884596164,-0.24997947852974717,0.75,1463.019688643926,1459.3624396554665,69.0
EURUSD=X,sell,1.0415581464767456,1.043623447418213,1401.1339113346842,2024-12-30 08:00:00+00:00,2024-12-30 09:00:00+00:00,Stop Loss,-2.8937631862012627,-0.198289548063498,0.73,1459.3624396554665,1456.4686764692651,1.0
USDJPY=X,buy,157.8730010986328,157.63499450683594,9.22557160713833,2024-12-30 09:00:00+00:00,2024-12-30 11:00:00+00:00,Stop Loss,-2.195746855593012,-0.15075826147637358,0.73,1456.4686764692651,1454.2729296136722,2.0
EURUSD=X,buy,1.0450413227081299,1.0393929481506348,1391.593708318687,2024-12-30 11:00:00+00:00,2024-12-30 13:00:00+00:00,Stop Loss,-7.860242496437553,-0.5404929388684714,0.73,1454.2729296136722,1446.4126871172346,2.0
EURUSD=X,sell,1.0393929481506348,1.0413411855697632,1391.593708318687,2024-12-30 13:00:00+00:00,2024-12-31 01:00:00+00:00,Stop Loss,-2.711154934770143,-0.18743993045121837,0.75,1446.4126871172346,1443.7015321824645,12.0
EURUSD=X,buy,1.0413411855697632,1.0379904508590698,1386.386663841162,2024-12-31 01:00:00+00:00,2024-12-31 14:00:00+00:00,Stop Loss,-4.645413916974948,-0.32177107341241157,0.75,1443.7015321824645,1439.0561182654894,13.0
EURUSD=X,sell,1.0379904508590698,1.0353038311004639,1386.386663841162,2024-12-31 14:00:00+00:00,2024-12-31 22:00:00+00:00,End of backtest,3.724693804143461,0.25882894745153345,0.73,1439.0561182654894,1442.780812069633,8.0
